CustomerID,StartTime,EndTime,AvgHR,MaxHR,AvgMPH,MaxMPH,AvgOxygen,ElevationGain,KCal,Weight,Age
100401,022224 15:26:00,022224 16:09:00,169,177,11,35,90,590,107,221,44
100402,022224 15:06:00,022224 15:46:00,142,159,12,47,90,2426,210,218,35
100403,022224 17:38:00,022224 18:29:00,170,178,15,41,90,136,111,201,49
100404,022224 12:19:00,022224 12:55:00,156,159,10,32,99,1993,143,200,75
100405,022224 11:53:00,022224 12:14:00,152,171,14,21,90,1051,34,101,31
100406,022224 05:13:00,022224 06:20:00,170,175,14,18,90,709,222,236,55
100407,022224 08:08:00,022224 08:58:00,156,179,14,36,90,1980,162,144,27
100408,022224 13:11:00,022224 13:27:00,165,178,17,36,90,592,37,153,67
100409,022224 16:06:00,022224 16:25:00,145,163,10,16,90,3241,127,238,35
100410,022224 19:03:00,022224 19:29:00,136,145,15,31,90,1640,113,208,55
100411,022224 09:18:00,022224 10:18:00,159,160,11,49,90,766,135,181,22
100412,022224 19:06:00,022224 19:33:00,156,174,17,17,90,2513,107,142,44
100413,022224 10:06:00,022224 10:48:00,164,166,15,30,90,3541,179,127,24
100414,022224 09:13:00,022224 10:13:00,137,150,13,30,96,3532,359,186,42
100415,022224 18:26:00,022224 18:52:00,156,180,10,23,90,386,30,129,51
100416,022224 16:33:00,022224 17:04:00,151,167,14,25,90,2819,112,129,75
100417,022224 05:20:00,022224 06:07:00,142,153,20,25,90,3797,401,221,75
100418,022224 17:04:00,022224 17:28:00,171,178,18,49,99,1741,61,109,49
100419,022224 16:12:00,022224 16:44:00,141,158,13,39,90,2805,119,136,30
100420,022224 13:16:00,022224 14:05:00,165,167,14,38,90,3608,240,147,34
100421,022224 09:50:00,022224 10:22:00,138,143,18,23,90,1497,163,233,29
100422,022224 18:46:00,022224 19:16:00,167,180,14,41,90,3578,203,204,58
100423,022224 07:30:00,022224 08:35:00,135,151,11,15,90,223,112,196,50
100424,022224 10:31:00,022224 11:05:00,168,179,16,33,90,2337,110,124,73
100425,022224 22:22:00,022224 22:59:00,163,164,11,48,90,1815,85,119,60
100426,022224 15:53:00,022224 16:26:00,140,165,11,29,90,2341,162,214,28
100427,022224 17:29:00,022224 18:01:00,135,178,10,26,90,1772,109,186,72
100428,022224 15:30:00,022224 16:29:00,147,176,18,49,90,1140,173,150,44
100429,022224 12:40:00,022224 13:52:00,154,168,19,36,90,2771,378,169,57
100430,022224 07:51:00,022224 08:24:00,136,156,17,35,90,981,135,229,48
100431,022224 18:26:00,022224 19:03:00,144,162,19,49,94,905,69,101,49
100432,022224 17:47:00,022224 18:19:00,157,163,10,46,96,2046,69,107,69
100433,022224 10:43:00,022224 11:06:00,144,169,15,20,90,199,36,140,67
100434,022224 09:51:00,022224 10:58:00,138,160,18,29,90,2290,403,221,49
100435,022224 12:52:00,022224 13:13:00,155,161,12,29,90,1247,74,218,73
100436,022224 10:55:00,022224 11:33:00,153,176,16,17,99,690,81,140,56
100437,022224 19:39:00,022224 20:49:00,165,180,20,26,90,2595,437,204,37
100438,022224 22:21:00,022224 22:51:00,160,176,16,48,90,3260,237,244,31
100439,022224 10:53:00,022224 11:55:00,158,170,13,38,99,138,128,217,27
100440,022224 06:52:00,022224 07:34:00,155,155,18,37,90,2962,332,249,70
100441,022224 22:39:00,022224 23:07:00,138,138,14,32,90,3240,154,178,50
100442,022224 05:08:00,022224 06:18:00,153,162,13,34,90,3831,553,231,19
100443,022224 15:57:00,022224 16:42:00,157,177,18,22,90,1099,193,222,40
100444,022224 22:32:00,022224 22:51:00,155,163,19,19,90,2492,124,224,62
100445,022224 18:46:00,022224 20:00:00,168,178,19,19,90,2942,484,203,75
100446,022224 12:02:00,022224 12:53:00,146,152,17,30,90,2588,351,241,72
100447,022224 19:25:00,022224 19:50:00,171,173,18,40,90,1712,80,137,76
100448,022224 05:10:00,022224 06:21:00,144,145,19,38,90,63,178,192,34
100449,022224 10:23:00,022224 10:50:00,157,161,10,26,90,2522,114,181,55
100450,022224 16:52:00,022224 17:17:00,141,173,20,33,90,947,74,151,45
100451,022224 15:32:00,022224 16:17:00,154,164,18,28,90,2667,329,246,50
100452,022224 14:33:00,022224 15:03:00,172,178,17,21,90,2524,100,119,59
100453,022224 18:30:00,022224 19:25:00,152,164,18,37,96,3103,271,151,68
100454,022224 22:25:00,022224 23:08:00,162,164,17,21,90,652,104,155,68
100455,022224 19:25:00,022224 19:56:00,171,172,18,43,90,19,91,243,48
100456,022224 09:01:00,022224 09:37:00,157,163,12,26,94,779,75,160,20
100457,022224 17:43:00,022224 18:16:00,139,180,15,39,90,1708,76,109,44
100458,022224 16:29:00,022224 17:02:00,160,162,16,35,90,3684,202,174,31
100459,022224 17:50:00,022224 18:48:00,171,179,11,13,90,3719,272,146,64
100460,022224 16:55:00,022224 17:53:00,143,180,11,46,90,3556,239,133,49
100461,022224 08:44:00,022224 09:27:00,157,177,20,28,90,1475,139,140,34
100462,022224 20:08:00,022224 20:49:00,164,166,10,38,90,880,95,185,45
100463,022224 19:20:00,022224 20:23:00,161,169,16,32,90,2461,276,162,33
100464,022224 09:37:00,022224 10:02:00,141,144,10,14,90,3340,146,203,41
100465,022224 11:56:00,022224 13:11:00,146,178,13,41,90,1904,286,179,68
100466,022224 20:24:00,022224 20:55:00,171,173,14,19,96,3101,146,158,28
100467,022224 09:36:00,022224 10:09:00,145,180,11,42,90,3027,154,170,62
100468,022224 09:35:00,022224 09:55:00,171,173,18,38,90,3973,137,179,54
100469,022224 14:32:00,022224 15:00:00,153,177,12,21,90,3534,121,138,55
100470,022224 10:52:00,022224 11:44:00,156,171,13,43,90,890,97,129,72
100471,022224 15:47:00,022224 16:15:00,153,166,14,35,90,2575,138,187,43
100472,022224 21:39:00,022224 22:05:00,145,178,14,47,90,2631,139,199,55
100473,022224 07:15:00,022224 08:26:00,149,161,11,49,90,3985,416,173,71
100474,022224 11:17:00,022224 11:45:00,148,149,15,40,96,2896,119,146,54
100475,022224 13:40:00,022224 14:28:00,144,146,14,37,90,1005,173,226,72
100476,022224 16:33:00,022224 17:14:00,140,171,17,46,90,2609,181,154,63
100477,022224 15:52:00,022224 17:04:00,136,156,20,41,90,1962,376,198,63
100478,022224 08:48:00,022224 09:43:00,161,171,10,45,90,1680,165,168,52
100479,022224 15:53:00,022224 16:50:00,153,178,16,22,90,3485,326,169,55
100480,022224 09:36:00,022224 10:07:00,143,171,13,19,90,2905,205,236,58
100481,022224 21:17:00,022224 22:04:00,170,177,20,29,90,3041,352,223,28
100482,022224 13:15:00,022224 14:08:00,149,154,20,37,90,271,81,101,52
100483,022224 14:23:00,022224 15:07:00,170,178,18,39,90,495,160,238,25
100484,022224 18:37:00,022224 19:16:00,143,174,20,41,90,504,137,211,32
100485,022224 10:02:00,022224 10:46:00,137,154,16,42,90,526,131,211,55
100486,022224 18:26:00,022224 19:06:00,166,169,18,23,90,2227,198,185,61
100487,022224 15:51:00,022224 16:39:00,138,180,18,45,90,3544,330,193,22
100488,022224 22:28:00,022224 22:57:00,169,179,14,19,99,3025,181,212,35
100489,022224 11:45:00,022224 12:22:00,154,167,13,18,97,2048,94,115,18
100490,022224 09:55:00,022224 10:43:00,135,140,15,28,90,1664,232,230,49
100491,022224 16:06:00,022224 16:48:00,164,165,17,27,90,1417,102,117,52
100492,022224 14:05:00,022224 14:50:00,165,175,19,42,90,3497,161,100,18
100493,022224 13:49:00,022224 14:20:00,165,174,20,42,90,1430,135,191,47
100494,022224 18:53:00,022224 19:23:00,163,169,20,22,90,3121,192,188,53
100495,022224 05:48:00,022224 06:06:00,159,163,14,31,90,549,56,241,22
100496,022224 14:26:00,022224 14:50:00,155,155,20,27,99,557,51,126,71
100497,022224 10:12:00,022224 10:51:00,163,168,14,45,90,1317,83,118,62
100498,022224 17:31:00,022224 18:06:00,156,159,19,28,90,359,103,196,65
100499,022224 15:10:00,022224 15:34:00,156,175,16,42,90,2585,133,200,29
100500,022224 21:11:00,022224 21:30:00,144,155,14,24,90,1271,40,119,21
100501,022224 06:46:00,022224 07:15:00,150,168,11,21,90,3458,169,192,41
100502,022224 06:27:00,022224 07:10:00,149,156,20,28,90,1403,148,152,54
100503,022224 08:58:00,022224 10:11:00,168,173,19,45,90,1803,446,248,60
100504,022224 11:40:00,022224 12:21:00,171,178,12,45,90,3281,221,181,25
100505,022224 15:42:00,022224 16:34:00,159,175,16,31,90,1803,215,183,68
100506,022224 16:15:00,022224 17:00:00,139,173,11,45,90,3719,266,184,70
100507,022224 20:30:00,022224 21:11:00,150,178,13,23,90,3138,123,102,50
100508,022224 17:14:00,022224 17:51:00,146,180,20,38,90,2253,242,231,48
100509,022224 13:44:00,022224 14:39:00,169,175,19,48,90,39,83,118,19
100510,022224 07:48:00,022224 08:15:00,141,142,14,46,90,439,68,206,25
100511,022224 22:12:00,022224 23:00:00,143,167,11,16,90,230,42,100,46
100512,022224 18:36:00,022224 19:13:00,168,169,19,30,90,1307,98,124,44
100513,022224 09:50:00,022224 10:22:00,140,175,11,45,90,1985,140,214,51
100514,022224 05:40:00,022224 06:33:00,151,168,18,30,90,2178,170,121,58
100515,022224 15:37:00,022224 16:45:00,166,167,18,41,98,1318,267,189,25
100516,022224 14:51:00,022224 15:19:00,146,171,19,41,90,1911,95,134,64
100517,022224 13:50:00,022224 14:34:00,162,173,14,32,90,2823,192,155,31
100518,022224 20:37:00,022224 21:13:00,156,164,19,23,90,3902,299,215,47
100519,022224 12:03:00,022224 12:58:00,143,170,12,22,95,643,115,171,26
100520,022224 22:17:00,022224 22:58:00,164,172,14,46,90,2595,204,187,74
100521,022224 14:24:00,022224 14:56:00,172,174,11,48,90,222,46,164,20
100522,022224 20:53:00,022224 21:10:00,160,169,12,27,90,625,42,206,17
100523,022224 08:00:00,022224 08:18:00,161,170,12,12,90,218,28,168,61
100524,022224 09:30:00,022224 10:14:00,152,157,11,36,90,2338,189,188,65
100525,022224 10:37:00,022224 10:58:00,150,160,14,38,98,219,54,242,48
100526,022224 20:56:00,022224 21:16:00,139,173,19,49,90,2846,115,183,18
100527,022224 08:35:00,022224 09:18:00,172,180,11,47,90,1575,147,193,35
100528,022224 08:42:00,022224 09:20:00,168,175,14,46,90,2267,133,144,39
100529,022224 11:44:00,022224 12:11:00,159,163,14,30,95,340,43,139,62
100530,022224 08:21:00,022224 09:31:00,168,179,16,50,90,3632,344,141,59
100531,022224 19:23:00,022224 20:10:00,156,158,10,49,90,3488,331,236,47
100532,022224 18:37:00,022224 19:15:00,163,167,14,30,90,3704,289,224,48
100533,022224 17:17:00,022224 18:41:00,149,174,17,34,90,3290,282,101,76
100534,022224 05:32:00,022224 06:20:00,167,178,11,36,90,1263,127,169,65
100535,022224 21:50:00,022224 22:20:00,142,156,15,42,95,68,71,228,46
100536,022224 17:59:00,022224 18:41:00,143,165,15,47,90,3884,171,114,50
100537,022224 15:45:00,022224 16:22:00,159,168,11,17,90,3771,127,106,70
100538,022224 16:21:00,022224 16:58:00,148,148,11,12,90,2184,120,149,28
100539,022224 20:28:00,022224 20:58:00,135,164,12,17,90,1907,149,240,21
100540,022224 15:43:00,022224 16:17:00,165,179,20,32,90,3191,207,176,43
100541,022224 08:14:00,022224 09:24:00,160,178,13,34,95,293,131,177,43
100542,022224 17:18:00,022224 17:56:00,157,177,13,34,90,3336,145,124,21
100543,022224 07:28:00,022224 08:00:00,168,169,10,28,97,3849,193,187,55
100544,022224 18:24:00,022224 19:18:00,162,165,11,15,90,2710,178,130,28
100545,022224 22:03:00,022224 22:52:00,142,146,19,42,90,287,176,247,25
100546,022224 18:59:00,022224 19:37:00,155,168,11,27,90,3631,226,189,59
100547,022224 05:01:00,022224 06:08:00,141,158,19,36,90,1466,269,179,22
100548,022224 13:57:00,022224 14:17:00,156,179,18,29,90,2995,99,155,35
100549,022224 08:50:00,022224 09:05:00,147,173,19,38,90,1607,83,238,58
100550,022224 05:18:00,022224 05:38:00,153,155,12,21,97,1306,44,134,37
100551,022224 15:23:00,022224 15:35:00,137,140,16,26,90,3861,49,114,48
100552,022224 11:12:00,022224 12:00:00,161,169,12,50,90,392,68,135,57
100553,022224 16:06:00,022224 17:24:00,153,169,20,20,98,858,197,133,46
100554,022224 09:31:00,022224 10:09:00,159,168,20,40,90,1891,200,203,74
100555,022224 09:56:00,022224 10:34:00,169,175,11,46,90,1636,144,208,20
100556,022224 21:03:00,022224 22:18:00,140,152,11,38,90,1318,155,129,46
100557,022224 19:46:00,022224 20:24:00,135,155,19,35,90,1680,135,149,56
100558,022224 06:09:00,022224 06:52:00,147,155,16,40,90,1001,174,234,37
100559,022224 16:02:00,022224 16:18:00,155,172,15,50,95,1030,63,235,59
100560,022224 17:11:00,022224 17:32:00,169,179,15,20,99,922,57,169,74
100561,022224 22:50:00,022224 23:23:00,137,164,19,37,90,172,109,241,43
100562,022224 16:03:00,022224 17:27:00,141,150,16,34,90,279,252,240,62
100563,022224 10:14:00,022224 11:22:00,157,166,11,26,94,1256,157,147,23
100564,022224 14:17:00,022224 15:13:00,151,153,12,33,90,686,120,171,37
100565,022224 22:05:00,022224 22:36:00,166,169,16,32,90,498,89,206,63
100566,022224 09:58:00,022224 10:17:00,167,175,19,31,90,3802,155,215,26
100567,022224 19:24:00,022224 19:47:00,149,168,18,34,90,969,74,176,66
100568,022224 07:53:00,022224 08:29:00,151,180,20,20,96,210,116,220,23
100569,022224 12:23:00,022224 12:57:00,154,179,10,11,90,2764,177,208,52
100570,022224 19:01:00,022224 19:44:00,145,177,15,49,90,241,78,158,31
100571,022224 11:36:00,022224 12:19:00,137,163,18,23,90,1164,98,116,50
100572,022224 10:48:00,022224 11:13:00,136,144,15,33,99,2107,82,138,67
100573,022224 18:43:00,022224 19:46:00,139,149,14,22,90,1756,246,186,36
100574,022224 07:36:00,022224 09:02:00,155,176,18,49,90,2515,571,231,73
100575,022224 14:30:00,022224 15:28:00,159,175,10,18,90,3494,366,211,33
100576,022224 06:05:00,022224 07:20:00,141,177,14,25,90,148,187,242,46
100577,022224 22:41:00,022224 23:35:00,145,167,15,36,90,2674,165,110,35
100578,022224 13:56:00,022224 14:25:00,148,176,18,27,90,1707,101,150,29
100579,022224 08:25:00,022224 08:56:00,170,170,10,18,90,2993,103,125,18
100580,022224 20:11:00,022224 21:00:00,149,157,12,50,90,3637,379,240,57
100581,022224 19:42:00,022224 20:11:00,153,176,18,20,90,3225,125,129,23
100582,022224 12:24:00,022224 13:20:00,167,169,18,23,90,793,214,222,76
100583,022224 16:59:00,022224 17:40:00,149,157,13,20,90,3038,253,214,27
100584,022224 22:38:00,022224 23:14:00,164,174,17,42,90,1698,95,117,76
100585,022224 17:48:00,022224 18:38:00,146,165,16,23,97,347,147,228,63
100586,022224 08:55:00,022224 10:16:00,166,174,10,49,90,2297,190,107,22
100587,022224 12:20:00,022224 13:19:00,160,173,20,48,90,3462,425,198,67
100588,022224 07:32:00,022224 08:14:00,143,172,13,35,90,3663,258,186,63
100589,022224 08:35:00,022224 08:50:00,160,170,13,17,90,940,34,156,51
100590,022224 08:27:00,022224 08:43:00,164,170,20,23,90,3,21,100,57
100591,022224 12:16:00,022224 12:57:00,149,174,10,43,90,325,39,110,32
100592,022224 22:31:00,022224 22:46:00,151,158,10,22,98,1768,57,206,72
100593,022224 22:03:00,022224 22:35:00,167,176,14,32,90,2873,131,144,36
100594,022224 18:20:00,022224 19:37:00,135,164,16,46,98,550,246,223,67
100595,022224 16:10:00,022224 16:43:00,136,158,11,46,90,3274,236,246,40
100596,022224 14:15:00,022224 15:09:00,169,169,15,30,90,3230,296,174,66
100597,022224 18:54:00,022224 19:47:00,172,176,12,34,90,2495,297,228,16
100598,022224 05:56:00,022224 06:37:00,153,159,13,26,99,1627,180,226,55
100599,022224 07:11:00,022224 07:36:00,161,171,19,37,90,910,96,207,41
100600,022224 21:07:00,022224 21:37:00,139,176,13,38,95,3482,156,164,65
100601,022224 11:45:00,022224 12:20:00,169,171,18,19,98,68,64,149,45
100602,022224 22:24:00,022224 22:40:00,165,180,11,17,99,273,18,127,72
100603,022224 11:34:00,022224 12:37:00,166,171,11,38,90,3958,380,179,32
100604,022224 13:28:00,022224 14:02:00,142,169,17,21,90,2265,224,250,51
100605,022224 21:41:00,022224 22:26:00,166,166,14,49,90,814,156,236,66
100606,022224 14:19:00,022224 14:41:00,144,178,12,31,90,368,51,226,39
100607,022224 09:31:00,022224 09:51:00,163,175,10,48,90,1382,68,215,29
100608,022224 07:25:00,022224 08:17:00,141,150,14,39,90,520,161,242,71
100609,022224 15:23:00,022224 16:02:00,142,152,18,29,90,3697,292,205,36
100610,022224 09:35:00,022224 10:29:00,138,173,16,48,90,1205,158,157,17
100611,022224 13:17:00,022224 13:54:00,141,145,15,27,90,2232,125,136,75
100612,022224 13:11:00,022224 13:44:00,143,159,17,38,90,2801,202,205,74
100613,022224 09:27:00,022224 10:31:00,141,175,12,35,96,1269,232,221,59
100614,022224 20:06:00,022224 21:05:00,138,170,15,36,97,1370,222,197,63
100615,022224 21:16:00,022224 21:47:00,138,167,11,14,95,493,51,155,66
100616,022224 13:35:00,022224 14:03:00,156,179,11,13,90,1152,68,164,39
100617,022224 18:06:00,022224 18:40:00,141,180,15,38,90,597,110,232,16
100618,022224 15:30:00,022224 16:01:00,170,177,18,28,95,653,67,133,47
100619,022224 11:33:00,022224 11:43:00,154,173,18,19,90,2724,44,149,53
100620,022224 20:45:00,022224 21:44:00,166,170,14,27,90,153,121,199,65
100621,022224 14:02:00,022224 14:26:00,148,164,18,50,90,3518,102,120,36
100622,022224 07:33:00,022224 08:08:00,147,176,18,44,90,1943,110,127,26
100623,022224 16:09:00,022224 16:40:00,152,156,15,37,90,3105,213,224,20
100624,022224 11:04:00,022224 11:38:00,171,175,12,34,90,2867,179,195,38
100625,022224 20:19:00,022224 20:46:00,151,177,20,38,90,2424,93,117,57
100626,022224 22:12:00,022224 23:01:00,168,176,10,10,90,750,140,246,63
100627,022224 15:25:00,022224 16:27:00,167,174,13,29,90,24,101,186,29
100628,022224 08:16:00,022224 08:40:00,164,170,10,20,90,2951,135,214,58
100629,022224 19:36:00,022224 19:55:00,147,149,10,14,90,583,30,152,37
100630,022224 06:48:00,022224 07:10:00,160,161,14,50,90,3505,105,146,34
100631,022224 19:12:00,022224 20:06:00,146,162,11,45,90,2072,242,212,46
100632,022224 09:30:00,022224 09:54:00,165,177,10,22,90,1601,59,142,37
100633,022224 07:08:00,022224 07:56:00,142,158,13,40,99,547,117,199,62
100634,022224 08:40:00,022224 09:19:00,162,173,10,28,90,592,71,173,35
100635,022224 05:48:00,022224 06:44:00,141,157,16,27,90,979,200,208,54
100636,022224 07:46:00,022224 08:53:00,140,176,19,50,90,3606,602,245,56
100637,022224 17:16:00,022224 17:41:00,161,179,14,36,95,1071,85,208,36
100638,022224 19:58:00,022224 20:49:00,151,154,20,22,90,252,104,136,42
100639,022224 07:37:00,022224 08:29:00,165,180,18,40,90,1978,310,237,28
100640,022224 08:11:00,022224 08:39:00,157,168,12,19,90,2198,146,231,46
100641,022224 13:06:00,022224 13:51:00,160,167,10,46,90,868,117,209,48
100642,022224 16:46:00,022224 17:11:00,148,155,20,43,90,2421,162,220,68
100643,022224 06:30:00,022224 07:18:00,141,170,14,27,98,573,64,102,22
100644,022224 10:42:00,022224 11:41:00,151,173,15,20,90,659,98,116,55
100645,022224 18:55:00,022224 19:47:00,145,167,12,37,90,2667,205,153,72
100646,022224 13:06:00,022224 13:49:00,170,173,11,45,90,3364,261,204,54
100647,022224 19:08:00,022224 19:31:00,161,175,19,37,90,1272,92,190,71
100648,022224 17:14:00,022224 17:37:00,142,163,17,34,90,3384,190,244,39
100649,022224 15:18:00,022224 15:45:00,169,169,19,22,95,857,92,186,41
100650,022224 17:18:00,022224 17:51:00,170,178,19,40,99,1888,154,185,62
100651,022224 08:50:00,022224 09:53:00,157,168,11,48,90,1646,249,216,51
100652,022224 11:21:00,022224 11:43:00,164,179,18,27,90,2054,93,165,31
100653,022224 06:30:00,022224 07:15:00,159,160,15,48,94,3987,232,141,62
100654,022224 21:42:00,022224 22:37:00,165,169,20,41,90,651,141,146,72
100655,022224 15:03:00,022224 16:29:00,163,178,12,46,90,2505,399,188,33
100656,022224 06:18:00,022224 07:25:00,164,178,13,14,90,81,79,129,64
100657,022224 18:08:00,022224 18:50:00,149,161,15,27,90,673,76,125,18
100658,022224 18:42:00,022224 19:37:00,135,162,18,18,98,3113,385,214,61
100659,022224 08:55:00,022224 09:38:00,148,164,16,31,90,341,123,222,69
100660,022224 10:49:00,022224 11:56:00,155,169,19,20,90,2509,405,206,73
100661,022224 05:53:00,022224 07:04:00,168,171,17,40,90,2331,276,145,49
100662,022224 15:08:00,022224 15:55:00,159,166,13,49,90,1656,186,201,70
100663,022224 12:58:00,022224 13:29:00,166,178,14,22,90,512,93,237,43
100664,022224 14:09:00,022224 15:07:00,168,172,14,43,90,2266,321,227,30
100665,022224 18:00:00,022224 19:10:00,158,179,16,31,90,201,158,188,65
100666,022224 21:49:00,022224 22:18:00,142,174,13,27,90,3053,189,225,42
100667,022224 06:24:00,022224 06:55:00,140,145,16,49,90,1403,105,170,74
100668,022224 21:11:00,022224 22:14:00,145,175,19,32,90,299,103,112,35
100669,022224 08:48:00,022224 09:01:00,140,177,10,23,90,3816,75,182,58
100670,022224 08:20:00,022224 09:36:00,151,160,12,41,99,2452,305,165,34
100671,022224 10:01:00,022224 11:07:00,148,157,14,35,90,311,99,132,36
100672,022224 19:08:00,022224 19:59:00,140,163,17,46,90,3431,258,148,58
100673,022224 13:41:00,022224 14:29:00,151,172,20,25,90,550,200,246,60
100674,022224 14:38:00,022224 15:25:00,137,163,16,44,97,1139,136,159,41
100675,022224 12:20:00,022224 12:49:00,159,160,19,46,90,673,92,186,37
100676,022224 22:08:00,022224 23:08:00,144,145,17,30,90,1674,222,165,42
100677,022224 13:06:00,022224 13:42:00,140,155,18,50,90,3413,217,174,62
100678,022224 22:13:00,022224 23:20:00,150,162,20,41,97,1805,334,197,69
100679,022224 19:12:00,022224 19:35:00,159,165,14,30,90,210,35,145,57
100680,022224 17:43:00,022224 18:12:00,138,150,20,46,90,2448,165,192,68
100681,022224 10:20:00,022224 10:57:00,161,173,12,28,90,3688,206,171,58
100682,022224 07:41:00,022224 08:31:00,145,174,14,46,90,2131,262,223,76
100683,022224 12:56:00,022224 13:21:00,135,159,19,38,98,554,90,221,53
100684,022224 05:59:00,022224 06:35:00,161,164,18,41,90,2678,208,194,30
100685,022224 10:52:00,022224 12:03:00,165,173,20,25,90,1011,329,231,30
100686,022224 14:07:00,022224 14:39:00,164,175,15,24,90,80,74,221,57
100687,022224 21:08:00,022224 21:48:00,169,172,12,16,90,3987,236,171,35
100688,022224 21:23:00,022224 21:52:00,166,180,15,16,90,3914,152,146,52
100689,022224 08:59:00,022224 10:07:00,158,167,10,35,95,2348,271,179,76
100690,022224 22:08:00,022224 22:41:00,146,160,15,27,90,1581,94,140,36
100691,022224 20:39:00,022224 21:56:00,135,173,15,32,90,1570,329,209,62
100692,022224 19:06:00,022224 20:00:00,158,177,17,48,90,2291,192,134,25
100693,022224 22:05:00,022224 22:33:00,162,169,18,20,90,1831,77,115,33
100694,022224 10:40:00,022224 11:15:00,148,171,19,28,90,2796,241,220,22
100695,022224 21:19:00,022224 21:42:00,145,174,16,25,90,2962,125,179,45
100696,022224 13:02:00,022224 14:15:00,165,173,13,33,90,3812,584,235,43
100697,022224 16:40:00,022224 17:06:00,155,160,15,37,90,1708,100,180,33
100698,022224 14:28:00,022224 15:00:00,147,171,10,39,90,3961,233,221,53
100699,022224 12:56:00,022224 14:10:00,150,163,20,33,90,725,328,244,45
100700,022224 14:32:00,022224 15:52:00,148,164,14,28,97,2189,434,227,51
100701,022224 21:12:00,022224 22:28:00,145,145,14,48,90,1819,285,175,62
100702,022224 18:11:00,022224 19:21:00,150,175,16,21,90,2125,399,230,27
100703,022224 14:20:00,022224 14:46:00,161,176,13,27,90,1557,102,206,57
100704,022224 13:29:00,022224 14:16:00,149,178,11,12,99,3083,190,145,62
100705,022224 10:49:00,022224 11:23:00,150,151,15,15,90,3579,216,188,27
100706,022224 11:20:00,022224 12:28:00,161,170,13,44,94,2207,205,129,21
100707,022224 20:02:00,022224 20:36:00,172,179,16,38,97,3276,269,244,23
100708,022224 13:25:00,022224 13:57:00,148,154,16,16,96,1715,159,226,28
100709,022224 09:27:00,022224 09:55:00,154,172,18,47,90,3769,103,100,44
100710,022224 07:00:00,022224 07:39:00,169,171,13,44,90,3137,250,217,71
100711,022224 17:38:00,022224 18:44:00,170,177,20,32,90,3427,542,227,72
100712,022224 15:27:00,022224 16:14:00,172,177,18,50,90,124,113,188,66
100713,022224 18:23:00,022224 19:40:00,167,167,18,33,90,3249,456,176,22
100714,022224 21:23:00,022224 22:13:00,147,169,13,23,90,3981,399,227,76
100715,022224 07:13:00,022224 07:55:00,160,172,19,34,90,3559,334,219,73
100716,022224 06:39:00,022224 07:31:00,148,157,18,49,90,2759,181,115,37
100717,022224 16:04:00,022224 16:48:00,153,158,10,32,90,794,76,146,50
100718,022224 12:49:00,022224 13:18:00,163,174,13,48,99,1071,88,193,61
100719,022224 22:44:00,022224 23:32:00,140,169,17,42,90,2929,308,208,42
100720,022224 09:20:00,022224 09:49:00,156,170,13,23,90,1591,59,107,58
100721,022224 13:47:00,022224 14:31:00,142,175,16,42,90,3613,168,110,56
100722,022224 05:19:00,022224 05:44:00,145,179,15,46,96,644,60,168,62
100723,022224 19:17:00,022224 19:47:00,150,158,19,43,90,467,53,113,49
100724,022224 09:07:00,022224 09:55:00,144,147,18,23,90,132,154,250,67
100725,022224 09:14:00,022224 09:50:00,148,165,20,38,99,3194,253,203,70
100726,022224 08:27:00,022224 08:59:00,140,169,19,24,90,3542,195,168,72
100727,022224 12:44:00,022224 12:58:00,142,175,20,31,90,180,37,185,22
100728,022224 06:12:00,022224 06:44:00,160,180,17,40,90,1539,91,132,69
100729,022224 09:03:00,022224 10:01:00,172,175,12,24,95,14,84,181,22
100730,022224 13:47:00,022224 14:28:00,154,170,20,36,90,3833,167,105,52
100731,022224 05:31:00,022224 06:03:00,138,179,15,24,90,2258,190,237,38
100732,022224 09:07:00,022224 09:53:00,140,170,17,50,90,1497,174,178,57
100733,022224 16:00:00,022224 16:23:00,149,160,13,15,97,478,52,194,24
100734,022224 12:49:00,022224 13:43:00,163,165,19,33,90,1373,142,121,65
100735,022224 14:12:00,022224 14:44:00,163,164,12,37,90,3659,190,184,24
100736,022224 18:33:00,022224 19:13:00,136,154,15,22,90,3781,283,201,20
100737,022224 21:00:00,022224 22:10:00,159,177,12,38,90,1062,233,221,35
100738,022224 15:34:00,022224 15:59:00,139,148,12,14,94,1640,94,200,64
100739,022224 10:33:00,022224 11:04:00,141,146,20,50,90,1294,79,117,18
100740,022224 11:37:00,022224 12:04:00,148,178,12,34,98,3188,173,220,64
100741,022224 16:20:00,022224 16:46:00,165,180,13,41,90,1564,77,156,42
100742,022224 12:53:00,022224 13:59:00,149,153,20,40,90,792,202,165,64
100743,022224 13:28:00,022224 14:33:00,156,178,13,46,98,661,159,188,41
100744,022224 18:23:00,022224 19:33:00,141,156,10,19,96,1517,156,133,44
100745,022224 13:31:00,022224 14:40:00,166,166,16,22,90,3782,393,159,23
100746,022224 09:11:00,022224 10:00:00,137,173,10,26,90,2417,166,149,46
100747,022224 22:47:00,022224 23:31:00,159,174,11,27,98,3978,172,116,23
100748,022224 19:18:00,022224 20:26:00,144,168,13,21,90,2521,337,195,41
100749,022224 09:41:00,022224 10:28:00,164,167,15,38,98,2552,293,231,35
100750,022224 20:49:00,022224 21:57:00,160,172,20,24,95,666,134,111,34
100751,022224 16:14:00,022224 16:45:00,148,174,10,26,90,2781,187,240,34
100752,022224 22:35:00,022224 23:12:00,154,175,11,23,90,2731,140,149,59
100753,022224 17:31:00,022224 18:43:00,169,180,17,37,90,183,225,249,40
100754,022224 11:01:00,022224 11:48:00,141,169,12,34,99,2858,160,126,50
100755,022224 09:36:00,022224 10:20:00,157,171,14,31,94,3265,169,124,48
100756,022224 13:20:00,022224 14:25:00,151,151,16,24,90,1822,232,157,17
100757,022224 16:41:00,022224 17:05:00,138,141,15,32,90,3640,123,150,18
100758,022224 18:26:00,022224 19:33:00,170,177,13,27,90,2816,239,130,25
100759,022224 06:31:00,022224 07:21:00,136,164,11,31,90,1381,89,108,33
100760,022224 06:06:00,022224 06:53:00,147,174,19,36,97,3359,187,114,31
100761,022224 08:56:00,022224 09:42:00,150,176,17,29,90,1908,158,143,53
100762,022224 05:04:00,022224 05:57:00,151,161,17,44,90,28,152,249,54
100763,022224 05:57:00,022224 06:43:00,143,156,12,38,90,1555,144,171,30
100764,022224 13:15:00,022224 13:42:00,164,175,15,43,90,3892,133,138,63
100765,022224 09:33:00,022224 10:41:00,162,168,18,30,90,2976,493,228,50
100766,022224 22:53:00,022224 23:30:00,161,168,14,19,90,2114,195,226,32
100767,022224 10:03:00,022224 10:35:00,153,166,16,41,90,1464,147,226,64
100768,022224 19:39:00,022224 20:41:00,140,175,12,13,90,3255,313,170,50
100769,022224 22:52:00,022224 00:00:00,148,154,11,50,90,3189,-9219,235,37
100770,022224 15:45:00,022224 16:23:00,157,166,12,35,90,993,65,118,60
100771,022224 09:21:00,022224 09:42:00,138,176,13,23,95,3699,122,175,47
100772,022224 09:01:00,022224 09:17:00,136,138,12,44,90,3965,110,200,74
100773,022224 11:55:00,022224 12:22:00,169,177,12,32,90,1580,52,105,71
100774,022224 09:56:00,022224 10:07:00,144,155,20,32,90,979,42,196,40
100775,022224 07:41:00,022224 08:10:00,152,168,11,22,90,3432,181,207,38
100776,022224 14:07:00,022224 14:42:00,163,178,12,50,90,1083,62,118,50
100777,022224 05:27:00,022224 05:53:00,141,148,20,34,90,3077,102,116,29
100778,022224 20:12:00,022224 20:47:00,144,159,14,38,90,1792,136,183,40
100779,022224 18:03:00,022224 18:38:00,148,158,18,37,97,3847,233,177,55
100780,022224 19:07:00,022224 19:42:00,140,147,13,22,90,3878,188,156,50
100781,022224 10:02:00,022224 10:45:00,136,156,18,30,90,3971,172,104,51
100782,022224 18:46:00,022224 19:17:00,162,173,13,42,90,1807,91,143,69
100783,022224 20:22:00,022224 20:47:00,145,146,11,12,90,2250,110,198,37
100784,022224 20:41:00,022224 21:18:00,155,158,10,10,99,3019,167,169,17
100785,022224 18:18:00,022224 19:06:00,172,172,13,43,90,3603,241,154,38
100786,022224 20:10:00,022224 20:32:00,171,175,16,17,94,2671,102,163,22
100787,022224 16:10:00,022224 16:25:00,155,155,17,39,90,1180,54,190,74
100788,022224 20:47:00,022224 21:23:00,153,156,18,26,90,934,70,107,44
100789,022224 22:24:00,022224 23:00:00,165,165,20,21,90,2775,128,112,57
100790,022224 14:57:00,022224 16:20:00,135,155,10,21,90,3967,291,106,51
100791,022224 21:05:00,022224 21:20:00,157,159,20,40,90,1602,77,216,26
100792,022224 15:05:00,022224 15:39:00,172,174,11,34,90,2109,132,182,51
100793,022224 09:09:00,022224 09:41:00,145,156,17,33,90,3781,278,238,38
100794,022224 11:03:00,022224 11:34:00,140,168,20,37,90,3596,121,105,20
100795,022224 22:08:00,022224 23:10:00,164,172,18,37,90,1360,275,211,49
100796,022224 11:32:00,022224 12:23:00,152,177,17,24,90,3460,324,185,36
100797,022224 17:31:00,022224 18:05:00,172,179,10,35,90,2163,81,113,51
100798,022224 19:55:00,022224 20:32:00,143,147,17,49,90,2472,255,248,21
100799,022224 22:35:00,022224 23:59:00,154,154,19,36,90,2109,321,143,73
100800,022224 06:21:00,022224 06:59:00,169,169,13,36,90,3393,284,239,65
100801,022224 13:56:00,022224 14:59:00,164,167,19,19,99,1702,284,188,31
100802,022224 21:29:00,022224 22:23:00,168,173,15,18,90,1291,241,240,51
100803,022224 14:28:00,022224 15:00:00,157,170,11,11,90,3663,142,140,37
100804,022224 13:32:00,022224 14:15:00,165,170,17,31,90,3336,298,207,49
100805,022224 11:48:00,022224 12:26:00,136,172,19,43,90,3475,242,178,43
100806,022224 11:34:00,022224 12:07:00,169,179,19,21,90,2197,182,203,62
100807,022224 22:54:00,022224 23:32:00,168,178,18,50,90,938,123,178,19
100808,022224 15:29:00,022224 16:09:00,146,174,17,32,90,95,89,188,71
100809,022224 05:07:00,022224 05:42:00,154,154,15,46,90,3323,229,204,31
100810,022224 10:14:00,022224 10:46:00,135,146,10,50,90,3920,245,234,63
100811,022224 08:39:00,022224 09:12:00,147,159,17,38,90,2594,234,248,55
100812,022224 19:43:00,022224 20:45:00,172,180,18,36,90,2651,347,189,68
100813,022224 10:47:00,022224 11:19:00,165,173,11,18,90,3725,119,116,59
100814,022224 10:16:00,022224 11:14:00,153,179,17,25,90,128,94,133,38
100815,022224 10:01:00,022224 10:39:00,159,179,14,32,90,1975,97,114,30
100816,022224 19:43:00,022224 20:37:00,150,156,10,31,90,1953,208,196,31
100817,022224 07:28:00,022224 08:00:00,138,146,17,22,90,1891,128,168,19
100818,022224 09:32:00,022224 10:13:00,147,161,16,25,90,115,78,167,35
100819,022224 18:25:00,022224 19:01:00,146,160,19,29,90,2149,228,235,48
100820,022224 16:28:00,022224 16:47:00,156,175,12,48,90,3191,125,225,55
100821,022224 16:20:00,022224 16:48:00,165,168,15,21,98,3568,205,217,65
100822,022224 20:08:00,022224 20:51:00,170,170,13,31,90,3134,214,169,44
100823,022224 20:14:00,022224 21:15:00,158,176,17,29,90,2721,224,125,40
100824,022224 09:40:00,022224 10:18:00,142,150,18,32,90,3371,320,245,38
100825,022224 16:29:00,022224 16:57:00,166,176,18,18,94,2549,181,224,58
100826,022224 10:42:00,022224 11:52:00,154,156,13,27,96,744,170,179,60
100827,022224 15:16:00,022224 15:52:00,142,170,19,41,90,1411,109,138,51
100828,022224 18:46:00,022224 19:09:00,140,148,17,17,90,2373,130,209,36
100829,022224 13:40:00,022224 13:58:00,148,164,14,40,90,3223,97,175,53
100830,022224 09:03:00,022224 09:19:00,159,177,17,29,90,3266,81,154,27
100831,022224 10:22:00,022224 11:02:00,171,180,14,21,98,22,72,192,66
100832,022224 13:01:00,022224 13:41:00,146,175,20,22,90,723,138,191,76
100833,022224 05:43:00,022224 06:08:00,136,170,13,19,90,3244,108,143,22
100834,022224 10:56:00,022224 11:46:00,168,177,15,39,90,1224,130,144,18
100835,022224 14:37:00,022224 15:35:00,135,140,15,16,94,2123,284,203,36
100836,022224 15:37:00,022224 16:11:00,136,161,17,28,90,1293,77,114,69
100837,022224 18:04:00,022224 18:34:00,135,166,19,20,90,3861,273,237,22
100838,022224 08:56:00,022224 09:54:00,149,152,12,25,90,3442,332,185,17
100839,022224 20:59:00,022224 21:33:00,142,162,18,34,90,818,126,213,21
100840,022224 16:36:00,022224 17:12:00,164,178,11,40,90,2171,149,190,46
100841,022224 06:33:00,022224 07:12:00,142,169,20,48,90,3001,132,102,50
100842,022224 12:28:00,022224 13:04:00,135,137,17,48,90,9,102,249,38
100843,022224 08:51:00,022224 09:32:00,135,159,14,33,90,3141,172,139,47
100844,022224 07:00:00,022224 07:46:00,168,176,17,24,90,423,83,128,19
100845,022224 17:26:00,022224 18:40:00,143,177,10,27,90,263,128,206,66
100846,022224 12:53:00,022224 13:22:00,148,175,19,23,90,3327,233,231,38
100847,022224 06:22:00,022224 07:26:00,135,171,13,46,90,1488,256,216,75
100848,022224 18:53:00,022224 19:37:00,139,172,12,35,90,844,137,229,56
100849,022224 09:59:00,022224 11:00:00,164,166,16,23,90,2595,298,175,53
100850,022224 13:43:00,022224 14:30:00,163,164,20,27,90,2207,319,242,19
100851,022224 07:12:00,022224 07:30:00,145,148,13,23,90,1238,70,233,42
100852,022224 09:10:00,022224 09:38:00,138,172,18,20,90,2120,83,114,41
100853,022224 18:38:00,022224 19:13:00,152,167,14,25,90,1277,156,250,43
100854,022224 06:23:00,022224 06:51:00,157,166,19,24,90,524,55,123,43
100855,022224 05:38:00,022224 06:51:00,167,180,17,25,90,243,204,216,70
100856,022224 08:26:00,022224 09:03:00,145,168,20,41,90,1325,108,132,69
100857,022224 15:41:00,022224 16:07:00,158,160,17,17,90,3137,165,197,50
100858,022224 14:21:00,022224 14:52:00,156,156,16,30,94,581,97,217,30
100859,022224 08:55:00,022224 09:16:00,145,175,17,35,90,2052,71,137,52
100860,022224 12:35:00,022224 13:44:00,146,168,15,49,97,2484,377,206,47
100861,022224 22:17:00,022224 22:49:00,163,176,20,24,90,370,56,111,51
100862,022224 06:01:00,022224 06:34:00,155,163,18,48,95,1777,110,140,61
100863,022224 22:22:00,022224 23:15:00,159,162,18,44,90,546,111,135,68
100864,022224 12:00:00,022224 12:30:00,157,165,11,16,90,458,50,162,65
100865,022224 09:15:00,022224 10:35:00,150,163,15,47,90,2212,225,114,31
100866,022224 10:47:00,022224 11:48:00,146,174,10,33,90,2786,277,180,57
100867,022224 22:44:00,022224 23:32:00,149,151,20,28,90,1792,161,133,27
100868,022224 14:52:00,022224 15:58:00,155,161,17,25,90,3050,236,113,37
100869,022224 20:24:00,022224 20:53:00,146,173,14,45,90,1973,103,159,71
100870,022224 05:20:00,022224 05:45:00,155,177,17,37,96,1123,108,230,24
100871,022224 08:41:00,022224 09:48:00,136,176,11,35,90,2171,267,183,19
100872,022224 20:13:00,022224 20:39:00,147,158,19,26,90,3751,201,206,45
100873,022224 11:24:00,022224 11:54:00,171,174,11,31,90,2562,120,164,30
100874,022224 20:02:00,022224 20:40:00,163,176,20,23,90,3955,270,179,26
100875,022224 15:45:00,022224 16:24:00,155,180,11,19,90,2426,210,230,36
100876,022224 05:52:00,022224 06:16:00,148,163,19,45,90,238,52,153,44
100877,022224 19:44:00,022224 20:34:00,150,155,14,41,96,3574,260,157,68
100878,022224 16:41:00,022224 17:18:00,135,170,17,38,90,2404,102,101,75
100879,022224 18:14:00,022224 18:53:00,142,161,10,13,90,317,72,213,50
100880,022224 17:28:00,022224 17:58:00,156,172,14,14,90,3944,222,208,70
100881,022224 21:17:00,022224 22:01:00,171,176,19,23,99,3252,341,226,65
100882,022224 11:58:00,022224 12:46:00,144,151,20,29,90,2477,186,130,34
100883,022224 05:50:00,022224 06:50:00,156,168,12,22,90,1330,176,174,53
100884,022224 17:37:00,022224 17:55:00,170,171,16,46,99,2397,52,110,58
100885,022224 12:18:00,022224 12:57:00,145,146,18,34,90,2924,206,168,21
100886,022224 14:48:00,022224 15:47:00,143,172,11,49,90,1227,182,199,76
100887,022224 17:03:00,022224 17:23:00,141,174,12,14,90,1947,58,139,47
100888,022224 21:11:00,022224 22:29:00,160,168,12,22,90,1935,293,180,41
100889,022224 05:32:00,022224 05:55:00,141,155,14,49,97,1527,48,108,52
100890,022224 10:48:00,022224 12:09:00,153,160,11,31,90,2568,287,145,72
100891,022224 16:03:00,022224 16:47:00,136,142,17,45,90,3035,333,240,57
100892,022224 10:16:00,022224 11:01:00,137,160,15,30,95,2712,212,168,42
100893,022224 19:03:00,022224 19:42:00,161,168,11,11,90,3259,148,131,19
100894,022224 06:37:00,022224 07:28:00,170,174,16,17,90,1020,211,237,64
100895,022224 09:31:00,022224 10:21:00,153,172,16,17,90,1454,158,156,71
100896,022224 22:46:00,022224 23:19:00,142,144,15,49,90,2716,167,181,20
100897,022224 17:42:00,022224 18:03:00,161,167,10,34,96,1193,37,123,39
100898,022224 09:51:00,022224 10:37:00,148,163,11,21,90,2112,145,148,37
100899,022224 19:20:00,022224 20:15:00,171,175,20,26,90,885,158,150,65
100900,022224 11:41:00,022224 12:28:00,170,178,13,29,90,175,47,103,76
100901,022224 05:15:00,022224 06:10:00,136,170,15,20,90,3186,424,247,50
100902,022224 12:28:00,022224 13:38:00,164,173,10,11,90,101,122,238,30
100903,022224 19:27:00,022224 20:12:00,149,154,20,48,96,819,88,105,21
100904,022224 20:11:00,022224 20:41:00,151,170,14,33,90,3094,217,242,70
100905,022224 20:24:00,022224 21:08:00,164,177,11,37,90,786,74,135,73
100906,022224 22:33:00,022224 23:29:00,172,172,18,41,90,2070,316,219,70
100907,022224 17:32:00,022224 18:45:00,135,170,14,32,96,3878,305,119,37
100908,022224 11:51:00,022224 12:32:00,160,171,12,42,90,898,87,152,19
100909,022224 17:28:00,022224 18:09:00,151,152,15,25,90,2697,135,118,20
100910,022224 14:14:00,022224 14:47:00,171,176,19,21,90,2287,153,167,52
100911,022224 18:20:00,022224 19:15:00,135,153,17,27,94,1364,143,128,25
100912,022224 12:37:00,022224 13:30:00,155,175,12,28,94,408,130,229,27
100913,022224 07:11:00,022224 07:55:00,149,162,14,43,90,1211,170,223,50
100914,022224 16:40:00,022224 17:58:00,159,170,20,33,96,3005,275,106,57
100915,022224 08:14:00,022224 09:10:00,156,159,17,49,90,699,106,119,64
100916,022224 22:57:00,022224 00:03:00,145,165,19,36,90,269,-4390,221,29
100917,022224 22:34:00,022224 23:24:00,155,162,14,39,90,757,100,140,51
100918,022224 11:36:00,022224 12:17:00,164,180,14,36,99,1649,88,106,28
100919,022224 09:35:00,022224 10:12:00,168,171,15,20,90,741,108,197,51
100920,022224 20:55:00,022224 21:19:00,148,163,13,19,90,2005,68,130,26
100921,022224 06:31:00,022224 07:03:00,153,154,12,22,90,2211,159,219,39
100922,022224 14:54:00,022224 15:27:00,141,175,12,39,90,1227,73,137,31
100923,022224 05:55:00,022224 07:00:00,139,175,20,48,90,1296,189,133,75
100924,022224 14:01:00,022224 14:27:00,161,174,19,24,90,434,51,128,37
100925,022224 22:24:00,022224 23:26:00,167,168,10,33,90,3454,388,211,54
100926,022224 07:35:00,022224 08:21:00,154,165,16,19,90,2595,252,196,38
100927,022224 15:09:00,022224 16:03:00,160,175,10,47,90,2532,217,171,48
100928,022224 11:31:00,022224 12:22:00,161,166,14,37,90,801,107,143,68
100929,022224 14:01:00,022224 14:37:00,167,178,18,46,90,2503,246,239,37
100930,022224 12:45:00,022224 13:22:00,143,178,14,20,95,482,60,130,68
100931,022224 12:28:00,022224 12:57:00,168,180,15,18,94,856,79,174,39
100932,022224 17:12:00,022224 18:10:00,160,167,11,21,90,637,108,162,35
100933,022224 14:10:00,022224 14:51:00,140,152,18,30,90,2128,186,174,52
100934,022224 19:50:00,022224 20:11:00,141,168,13,33,90,3325,161,249,30
100935,022224 05:26:00,022224 06:13:00,160,164,20,43,90,1126,125,128,55
100936,022224 15:05:00,022224 15:38:00,150,179,12,21,95,1856,119,178,62
100937,022224 07:45:00,022224 08:18:00,144,175,18,33,90,3690,125,104,20
100938,022224 12:29:00,022224 13:08:00,168,174,11,13,90,2154,156,185,62
100939,022224 11:00:00,022224 12:10:00,151,178,18,41,90,1130,340,249,30
100940,022224 07:13:00,022224 08:32:00,169,174,18,32,90,1358,327,197,42
100941,022224 20:33:00,022224 21:06:00,144,179,12,25,90,1280,62,114,72
100942,022224 13:10:00,022224 13:25:00,156,159,19,19,90,2834,111,236,51
100943,022224 09:58:00,022224 10:21:00,150,171,13,19,90,2722,94,154,50
100944,022224 05:07:00,022224 05:31:00,136,147,11,13,90,3222,156,226,44
100945,022224 21:47:00,022224 22:23:00,166,166,19,31,90,1062,175,247,35
100946,022224 05:30:00,022224 05:53:00,156,172,19,23,90,3473,167,203,30
100947,022224 18:20:00,022224 18:58:00,156,178,10,27,95,3685,162,137,26
100948,022224 21:53:00,022224 22:52:00,157,160,20,45,90,2327,205,121,32
100949,022224 11:25:00,022224 12:11:00,147,180,11,50,90,1536,115,143,75
100950,022224 13:25:00,022224 13:59:00,147,158,15,19,90,3866,204,168,53
100951,022224 11:34:00,022224 12:06:00,157,172,15,41,90,782,58,120,72
100952,022224 20:03:00,022224 20:50:00,162,173,15,49,97,3447,292,189,28
100953,022224 14:25:00,022224 14:57:00,135,155,19,33,90,2119,131,153,16
100954,022224 19:20:00,022224 20:28:00,145,169,17,50,90,2776,206,102,75
100955,022224 22:12:00,022224 23:23:00,169,171,10,31,90,632,124,161,74
100956,022224 22:49:00,022224 23:19:00,140,144,14,31,94,3140,146,161,34
100957,022224 05:02:00,022224 05:16:00,158,174,12,49,90,2824,57,153,61
100958,022224 19:45:00,022224 20:48:00,171,176,14,44,90,2544,374,226,47
100959,022224 10:06:00,022224 11:30:00,169,179,10,46,90,3756,383,144,29
100960,022224 21:44:00,022224 22:40:00,142,160,18,29,90,379,157,194,22
100961,022224 16:37:00,022224 17:20:00,150,161,16,34,98,3859,255,163,61
100962,022224 19:09:00,022224 19:35:00,155,177,17,21,90,3983,104,106,29
100963,022224 08:38:00,022224 08:57:00,139,154,20,48,90,2989,151,240,26
100964,022224 07:39:00,022224 08:05:00,170,176,18,20,90,3984,145,145,49
100965,022224 21:47:00,022224 22:28:00,142,175,10,33,90,2245,175,198,45
100966,022224 20:38:00,022224 21:48:00,168,178,16,27,90,1331,274,201,65
100967,022224 06:53:00,022224 07:12:00,162,167,11,38,90,2060,42,106,54
100968,022224 11:56:00,022224 12:25:00,162,179,16,29,90,2485,118,150,41
100969,022224 06:10:00,022224 06:50:00,144,169,19,49,90,2566,295,248,39
100970,022224 06:41:00,022224 07:21:00,156,158,17,30,90,799,85,128,26
100971,022224 21:44:00,022224 22:32:00,150,160,13,21,94,3150,190,134,72
100972,022224 17:24:00,022224 18:17:00,152,152,13,39,90,3104,172,111,34
100973,022224 05:58:00,022224 06:46:00,160,169,10,48,90,816,113,195,67
100974,022224 22:17:00,022224 22:38:00,140,158,15,49,90,3035,69,109,55
100975,022224 16:37:00,022224 17:28:00,144,158,13,34,90,3396,317,199,61
100976,022224 09:53:00,022224 10:29:00,163,168,20,35,90,2877,210,180,61
100977,022224 18:20:00,022224 18:53:00,150,164,16,28,90,3489,212,190,73
100978,022224 15:47:00,022224 16:13:00,148,158,20,44,99,565,68,153,55
100979,022224 21:41:00,022224 22:06:00,153,180,14,38,90,557,64,199,58
100980,022224 19:47:00,022224 20:42:00,144,167,19,38,90,3782,327,157,48
100981,022224 18:58:00,022224 19:43:00,152,165,20,24,90,2301,145,113,50
100982,022224 14:53:00,022224 15:25:00,157,180,19,44,90,702,121,218,27
100983,022224 19:55:00,022224 21:18:00,144,168,10,26,99,2601,348,175,62
100984,022224 22:02:00,022224 23:08:00,145,162,20,37,90,1066,176,131,76
100985,022224 15:08:00,022224 15:39:00,149,161,13,31,90,3677,109,106,21
100986,022224 13:15:00,022224 13:49:00,141,172,17,31,90,1508,154,212,56
100987,022224 11:51:00,022224 12:14:00,161,174,10,49,90,2249,76,153,33
100988,022224 06:13:00,022224 06:56:00,142,179,14,32,95,264,54,114,51
100989,022224 05:00:00,022224 06:06:00,138,146,15,48,90,512,176,199,48
100990,022224 14:06:00,022224 14:37:00,157,159,18,41,90,1717,101,140,23
100991,022224 08:47:00,022224 09:17:00,147,163,12,32,90,3229,178,202,26
100992,022224 06:50:00,022224 07:30:00,143,175,13,33,90,565,54,110,50
100993,022224 15:15:00,022224 15:38:00,137,163,18,28,90,471,50,146,22
100994,022224 18:54:00,022224 19:53:00,158,172,14,50,90,2434,220,146,74
100995,022224 12:57:00,022224 13:18:00,159,170,14,17,90,3677,99,140,76
100996,022224 05:26:00,022224 06:44:00,136,171,17,40,94,2671,302,133,73
100997,022224 08:41:00,022224 09:30:00,138,159,11,11,90,3989,244,147,34
100998,022224 09:02:00,022224 09:28:00,164,179,11,41,90,2881,71,104,43
100999,022224 21:35:00,022224 22:15:00,168,179,18,49,90,2511,148,129,68
101000,022224 17:04:00,022224 17:18:00,156,168,16,44,96,1384,50,180,29
101001,022224 11:46:00,022224 12:35:00,141,173,11,30,95,2764,169,134,42
101002,022224 17:14:00,022224 17:46:00,161,177,13,49,96,3179,143,150,23
101003,022224 13:27:00,022224 14:42:00,142,143,20,26,90,1015,281,187,57
101004,022224 13:20:00,022224 13:43:00,160,175,10,45,90,2320,116,229,46
101005,022224 11:02:00,022224 11:24:00,137,173,17,44,96,1532,62,131,60
101006,022224 19:56:00,022224 20:39:00,141,173,15,18,90,935,98,141,18
101007,022224 18:24:00,022224 19:16:00,144,162,17,21,90,2120,303,229,50
101008,022224 14:51:00,022224 15:23:00,148,153,14,36,90,2310,192,243,65
101009,022224 15:13:00,022224 15:56:00,148,161,11,42,90,588,102,211,17
101010,022224 08:51:00,022224 09:26:00,145,146,14,41,90,619,115,245,47
101011,022224 12:38:00,022224 13:20:00,158,167,10,49,96,3324,133,110,73
101012,022224 07:53:00,022224 08:44:00,144,171,16,46,90,2600,327,229,60
101013,022224 22:58:00,022224 23:14:00,152,171,17,48,90,1163,38,125,61
101014,022224 19:55:00,022224 21:04:00,144,145,18,48,94,113,139,159,74
101015,022224 14:51:00,022224 15:12:00,154,174,12,41,90,3311,95,151,27
101016,022224 19:59:00,022224 20:56:00,161,171,10,40,90,3000,258,170,76
101017,022224 07:11:00,022224 08:03:00,165,173,16,36,90,2618,146,100,41
101018,022224 06:06:00,022224 06:36:00,153,180,11,32,90,949,54,132,34
101019,022224 09:51:00,022224 10:37:00,172,172,10,27,90,3101,211,168,50
101020,022224 19:45:00,022224 20:14:00,137,177,15,24,90,3464,216,226,28
101021,022224 14:35:00,022224 15:21:00,165,175,11,34,90,2123,215,218,71
101022,022224 16:50:00,022224 17:37:00,151,151,16,38,90,1790,125,118,51
101023,022224 15:59:00,022224 16:28:00,152,170,15,18,90,52,56,188,65
101024,022224 21:06:00,022224 21:30:00,171,172,13,26,90,2485,108,179,22
101025,022224 20:14:00,022224 21:19:00,157,175,10,45,95,2550,356,232,20
101026,022224 21:57:00,022224 22:49:00,163,175,16,26,90,1565,184,168,46
101027,022224 20:15:00,022224 20:48:00,171,173,16,45,90,1648,112,157,36
101028,022224 07:03:00,022224 07:27:00,166,167,13,38,90,3690,126,159,18
101029,022224 13:43:00,022224 14:09:00,146,156,16,41,90,1826,93,157,21
101030,022224 08:18:00,022224 09:17:00,157,158,11,17,94,1017,198,238,62
101031,022224 07:06:00,022224 07:53:00,158,172,15,17,95,249,113,207,66
101032,022224 05:58:00,022224 06:20:00,168,170,18,28,90,3676,100,125,68
101033,022224 15:00:00,022224 15:35:00,156,166,18,26,90,2684,228,218,47
101034,022224 15:20:00,022224 16:08:00,148,160,17,50,90,2204,176,141,48
101035,022224 10:43:00,022224 11:14:00,141,148,11,22,90,3418,189,203,59
101036,022224 07:04:00,022224 07:26:00,170,176,10,28,90,1277,70,212,69
101037,022224 19:03:00,022224 19:36:00,154,154,15,43,90,2496,202,230,72
101038,022224 19:56:00,022224 20:29:00,158,170,15,45,90,2703,184,200,73
101039,022224 07:35:00,022224 08:23:00,145,155,13,19,90,2521,202,166,71
101040,022224 13:26:00,022224 14:19:00,170,172,20,35,90,258,176,221,26
101041,022224 21:48:00,022224 23:02:00,138,173,16,44,90,1917,215,124,35
101042,022224 21:47:00,022224 22:51:00,152,177,16,17,90,219,77,100,19
101043,022224 07:09:00,022224 07:29:00,166,170,20,40,98,385,53,168,65
101044,022224 15:41:00,022224 16:24:00,167,169,18,50,90,3047,325,234,19
101045,022224 09:25:00,022224 10:13:00,150,163,12,42,90,1693,159,172,35
101046,022224 18:36:00,022224 18:58:00,152,171,18,36,98,873,45,115,27
101047,022224 17:24:00,022224 18:23:00,157,161,13,15,98,729,146,183,43
101048,022224 15:46:00,022224 16:14:00,136,148,20,49,90,3448,171,169,42
101049,022224 21:21:00,022224 21:53:00,163,170,14,14,90,2590,123,145,60
101050,022224 13:28:00,022224 13:56:00,169,173,14,36,98,3555,131,142,59
101051,022224 22:08:00,022224 22:44:00,158,161,11,23,90,3167,116,114,23
101052,022224 17:51:00,022224 18:19:00,135,164,18,29,95,340,97,243,66
101053,022224 09:27:00,022224 10:29:00,162,176,13,47,90,3994,481,220,58
101054,022224 06:34:00,022224 07:07:00,157,157,20,50,90,1719,193,237,26
101055,022224 18:20:00,022224 19:17:00,171,171,11,11,94,3963,273,142,32
101056,022224 22:01:00,022224 23:08:00,168,170,11,28,90,1833,258,197,68
101057,022224 08:54:00,022224 09:33:00,161,162,14,50,90,3332,275,224,44
101058,022224 13:59:00,022224 15:08:00,144,180,19,39,90,2087,309,169,51
101059,022224 10:05:00,022224 10:50:00,154,178,15,20,90,437,105,182,48
101060,022224 08:22:00,022224 09:19:00,135,177,13,17,90,465,81,122,37
101061,022224 10:13:00,022224 11:14:00,171,180,10,48,90,3471,376,207,68
101062,022224 21:40:00,022224 22:09:00,163,180,17,31,97,1162,128,232,64
101063,022224 08:44:00,022224 09:33:00,142,149,20,41,90,209,76,106,16
101064,022224 11:34:00,022224 11:55:00,163,178,15,36,90,1815,100,216,19
101065,022224 12:04:00,022224 12:23:00,142,173,14,18,90,970,50,169,31
101066,022224 22:20:00,022224 23:02:00,145,170,17,38,90,2336,170,151,67
101067,022224 11:11:00,022224 11:40:00,138,164,19,35,90,3375,228,224,57
101068,022224 07:44:00,022224 08:27:00,142,151,10,26,96,679,52,109,26
101069,022224 11:47:00,022224 12:26:00,152,168,16,19,90,2378,136,132,57
101070,022224 17:17:00,022224 17:42:00,137,170,10,34,90,984,79,239,64
101071,022224 22:03:00,022224 22:33:00,162,179,10,15,90,2678,91,125,39
101072,022224 21:22:00,022224 21:57:00,153,167,18,37,90,2263,117,124,52
101073,022224 15:29:00,022224 16:37:00,156,163,14,18,95,1858,289,196,41
101074,022224 07:17:00,022224 07:58:00,144,161,11,40,90,3628,308,239,45
101075,022224 14:53:00,022224 15:25:00,144,179,13,14,90,1688,103,163,23
101076,022224 12:36:00,022224 13:27:00,147,158,19,24,95,3103,195,115,73
101077,022224 20:35:00,022224 21:03:00,144,150,12,22,90,3697,170,187,36
101078,022224 14:16:00,022224 14:38:00,146,148,13,32,90,3683,97,134,23
101079,022224 11:53:00,022224 12:18:00,139,144,18,27,90,2052,104,163,19
101080,022224 20:41:00,022224 21:12:00,140,165,20,48,90,806,120,207,38
101081,022224 17:37:00,022224 17:57:00,172,173,19,37,90,2152,91,170,26
101082,022224 12:11:00,022224 12:44:00,146,180,17,18,90,597,98,194,23
101083,022224 15:53:00,022224 16:28:00,145,152,18,49,90,2395,185,190,63
101084,022224 13:41:00,022224 14:36:00,163,171,16,42,96,709,130,154,50
101085,022224 08:17:00,022224 08:56:00,155,169,18,22,98,2606,129,113,28
101086,022224 20:37:00,022224 21:32:00,160,179,12,20,90,3810,253,138,57
101087,022224 19:27:00,022224 19:52:00,146,180,15,25,90,1095,86,200,36
101088,022224 15:50:00,022224 16:32:00,141,180,12,46,90,2072,218,238,16
101089,022224 13:13:00,022224 13:46:00,167,178,17,38,90,3441,260,230,30
101090,022224 06:30:00,022224 07:14:00,155,165,16,46,90,42,59,124,38
101091,022224 21:56:00,022224 23:06:00,146,148,14,22,90,3270,507,233,28
101092,022224 21:00:00,022224 21:25:00,159,162,15,23,90,308,49,164,64
101093,022224 12:42:00,022224 13:47:00,147,167,14,31,90,907,105,106,54
101094,022224 18:25:00,022224 19:34:00,171,173,11,48,90,267,136,217,39
101095,022224 06:48:00,022224 07:14:00,142,159,12,29,90,1156,57,141,56
101096,022224 08:10:00,022224 08:26:00,152,155,19,19,90,242,48,213,19
101097,022224 18:07:00,022224 19:17:00,144,171,13,20,90,2612,191,105,63
101098,022224 12:45:00,022224 13:17:00,135,157,17,38,90,1626,148,209,47
101099,022224 22:14:00,022224 22:35:00,141,146,11,46,90,3818,133,194,73
101100,022224 15:35:00,022224 15:56:00,172,180,13,17,90,729,28,101,64
101101,022224 11:05:00,022224 12:01:00,164,167,11,11,90,2160,243,200,66
101102,022224 13:06:00,022224 13:51:00,163,171,13,35,90,2801,238,194,69
101103,022224 11:35:00,022224 12:04:00,165,173,20,44,90,1588,88,127,46
101104,022224 11:53:00,022224 13:03:00,158,165,20,23,90,1946,290,158,42
101105,022224 17:36:00,022224 18:32:00,170,174,11,18,90,1499,150,155,24
101106,022224 06:01:00,022224 07:10:00,153,177,18,47,90,2343,192,101,34
101107,022224 17:03:00,022224 17:42:00,143,180,10,41,90,596,89,216,30
101108,022224 15:06:00,022224 16:03:00,159,169,16,48,90,1883,247,187,27
101109,022224 16:54:00,022224 17:25:00,162,171,20,29,90,2934,200,197,69
101110,022224 22:15:00,022224 22:49:00,157,160,12,34,90,3352,242,235,55
101111,022224 19:48:00,022224 20:16:00,158,165,14,47,90,1855,135,223,27
101112,022224 20:45:00,022224 21:54:00,144,149,17,32,90,2044,268,156,54
101113,022224 22:42:00,022224 23:00:00,138,143,19,38,90,7,40,177,30
101114,022224 19:33:00,022224 20:21:00,161,164,19,42,90,3788,425,234,61
101115,022224 22:04:00,022224 23:01:00,147,160,20,31,90,1185,170,141,32
101116,022224 06:41:00,022224 07:56:00,143,174,15,45,90,3433,596,242,50
101117,022224 05:05:00,022224 05:45:00,156,159,10,33,95,3179,152,137,51
101118,022224 21:07:00,022224 21:41:00,155,158,10,46,90,3510,148,145,70
101119,022224 05:08:00,022224 06:28:00,163,180,17,17,90,367,200,182,66
101120,022224 07:19:00,022224 07:56:00,138,170,15,31,95,881,135,231,35
101121,022224 06:51:00,022224 07:17:00,152,170,14,14,97,1680,95,178,46
101122,022224 15:13:00,022224 16:27:00,136,156,20,50,90,94,213,207,58
101123,022224 21:10:00,022224 22:19:00,142,149,17,46,90,2166,405,228,58
101124,022224 12:29:00,022224 12:59:00,149,153,12,14,90,3005,145,173,75
101125,022224 05:09:00,022224 05:33:00,172,177,18,27,90,1142,94,200,69
101126,022224 05:31:00,022224 06:56:00,163,167,18,33,90,858,287,191,26
101127,022224 08:46:00,022224 09:09:00,163,166,15,22,90,681,58,174,26
101128,022224 06:26:00,022224 07:29:00,136,156,14,22,90,3744,250,116,55
101129,022224 16:15:00,022224 16:37:00,155,166,17,50,90,515,42,130,67
101130,022224 06:07:00,022224 07:20:00,141,144,14,21,90,2983,497,233,49
101131,022224 22:52:00,022224 00:09:00,147,168,15,21,90,1139,-5371,224,37
101132,022224 22:02:00,022224 23:13:00,163,172,17,38,90,1504,219,145,60
101133,022224 10:40:00,022224 12:05:00,160,172,11,18,95,3588,374,141,45
101134,022224 05:50:00,022224 06:04:00,136,164,16,46,90,821,40,179,68
101135,022224 07:21:00,022224 07:45:00,172,176,15,46,90,557,33,101,45
101136,022224 21:11:00,022224 21:37:00,139,158,16,36,90,2277,102,153,26
101137,022224 17:21:00,022224 18:01:00,147,172,12,21,90,3801,160,120,23
101138,022224 11:26:00,022224 11:37:00,152,180,18,19,90,251,32,218,50
101139,022224 09:17:00,022224 10:13:00,154,172,18,36,90,713,125,134,50
101140,022224 12:35:00,022224 13:17:00,159,177,20,44,96,3614,295,188,57
101141,022224 12:12:00,022224 13:10:00,161,179,15,24,90,1657,283,232,57
101142,022224 20:08:00,022224 20:42:00,135,155,10,37,90,259,45,159,76
101143,022224 05:00:00,022224 06:16:00,153,157,11,16,90,3141,393,183,58
101144,022224 16:12:00,022224 17:23:00,171,173,10,41,90,2077,250,172,20
101145,022224 18:00:00,022224 18:21:00,171,174,13,19,90,3942,177,242,30
101146,022224 17:08:00,022224 18:06:00,150,152,11,14,90,3440,351,200,62
101147,022224 11:56:00,022224 12:22:00,157,175,18,42,98,590,85,206,66
101148,022224 14:08:00,022224 14:46:00,139,169,16,29,90,3078,180,152,42
101149,022224 10:19:00,022224 11:23:00,160,177,13,48,90,1822,246,185,59
101150,022224 11:24:00,022224 11:46:00,150,171,10,29,97,525,27,125,41
101151,022224 06:35:00,022224 07:44:00,138,177,17,19,90,3161,424,190,18
101152,022224 06:11:00,022224 06:55:00,138,164,18,30,90,3609,326,206,47
101153,022224 08:06:00,022224 09:01:00,154,175,18,32,94,3119,441,245,20
101154,022224 05:54:00,022224 07:19:00,149,153,14,48,96,3938,620,205,26
101155,022224 21:35:00,022224 22:03:00,145,165,11,35,90,503,34,114,60
101156,022224 08:37:00,022224 09:16:00,166,166,14,19,90,3554,140,109,24
101157,022224 06:39:00,022224 07:02:00,144,160,17,22,90,1051,58,139,75
101158,022224 16:09:00,022224 16:40:00,143,172,16,43,90,1276,127,215,31
101159,022224 20:14:00,022224 20:33:00,160,174,14,27,90,1255,51,153,63
101160,022224 05:01:00,022224 05:26:00,137,151,19,41,90,2440,152,211,65
101161,022224 20:10:00,022224 20:22:00,169,177,14,35,90,3841,59,143,42
101162,022224 11:07:00,022224 11:49:00,152,178,10,38,90,3218,142,121,24
101163,022224 15:36:00,022224 16:17:00,149,166,16,24,90,1385,93,114,30
101164,022224 19:45:00,022224 20:52:00,149,171,20,48,95,3846,550,211,65
101165,022224 19:23:00,022224 20:18:00,164,165,16,17,90,1249,175,168,34
101166,022224 19:31:00,022224 20:01:00,169,174,14,43,90,2782,195,234,20
101167,022224 14:14:00,022224 15:05:00,155,161,11,48,94,2865,153,114,43
101168,022224 19:18:00,022224 19:48:00,172,174,15,29,90,3895,168,156,25
101169,022224 05:28:00,022224 06:28:00,150,167,18,44,90,375,202,233,46
101170,022224 19:23:00,022224 19:55:00,164,170,19,20,99,1114,136,213,72
101171,022224 09:49:00,022224 10:19:00,170,173,10,21,90,1683,108,202,29
101172,022224 10:44:00,022224 11:29:00,157,174,17,50,90,1417,227,243,16
101173,022224 07:32:00,022224 08:36:00,146,157,16,32,96,364,84,101,72
101174,022224 08:39:00,022224 09:48:00,165,166,15,47,90,2431,276,153,49
101175,022224 13:39:00,022224 13:55:00,170,173,19,33,99,3142,128,239,32
101176,022224 18:02:00,022224 18:52:00,163,168,20,34,90,1491,144,124,19
101177,022224 05:40:00,022224 06:59:00,139,153,19,28,90,696,314,230,67
101178,022224 14:38:00,022224 14:57:00,155,164,15,47,90,1402,82,224,29
101179,022224 15:23:00,022224 15:58:00,161,178,18,45,90,3781,169,130,23
101180,022224 17:38:00,022224 18:33:00,140,179,17,46,90,912,183,192,46
101181,022224 16:40:00,022224 16:56:00,153,168,10,39,90,51,26,240,53
101182,022224 05:07:00,022224 05:38:00,138,162,12,15,90,202,72,249,39
101183,022224 10:26:00,022224 11:02:00,149,162,19,31,90,2317,102,101,30
101184,022224 20:52:00,022224 22:11:00,143,150,13,17,90,356,184,211,49
101185,022224 05:22:00,022224 05:50:00,147,175,16,16,90,3216,115,128,45
101186,022224 14:33:00,022224 15:02:00,147,175,19,43,90,3042,122,128,18
101187,022224 07:51:00,022224 08:22:00,143,164,14,33,90,1258,74,136,74
101188,022224 05:34:00,022224 06:45:00,141,166,18,37,90,95,179,200,50
101189,022224 17:43:00,022224 18:41:00,135,136,20,50,90,3028,303,156,45
101190,022224 08:28:00,022224 08:43:00,145,176,14,23,90,2828,98,233,62
101191,022224 18:37:00,022224 18:54:00,149,162,16,37,97,2085,59,142,31
101192,022224 05:32:00,022224 06:12:00,152,162,11,23,90,3847,137,104,72
101193,022224 11:01:00,022224 11:34:00,154,159,17,41,90,2411,126,140,43
101194,022224 15:15:00,022224 15:31:00,144,177,17,42,90,3246,102,194,56
101195,022224 21:49:00,022224 23:07:00,151,160,18,25,90,433,148,128,66
101196,022224 07:17:00,022224 07:55:00,153,163,15,30,90,3791,213,159,45
101197,022224 21:32:00,022224 22:00:00,171,178,20,39,90,2827,154,171,57
101198,022224 17:22:00,022224 18:04:00,155,179,19,49,90,3177,311,219,18
101199,022224 05:49:00,022224 06:20:00,167,180,20,41,90,1674,94,125,49
101200,022224 13:31:00,022224 14:22:00,136,148,14,48,90,2206,177,145,35
101201,022224 09:16:00,022224 10:37:00,165,178,10,23,90,3406,540,227,70
101202,022224 07:21:00,022224 07:46:00,161,172,16,26,90,3678,107,122,22
101203,022224 14:16:00,022224 15:05:00,143,174,14,47,95,3286,211,138,69
101204,022224 11:54:00,022224 12:21:00,161,166,11,37,90,2760,112,162,17
101205,022224 08:03:00,022224 08:49:00,136,177,20,46,90,3318,198,122,60
101206,022224 11:58:00,022224 12:35:00,159,166,12,31,96,1675,140,198,63
101207,022224 22:43:00,022224 23:47:00,138,151,18,22,90,810,184,166,57
101208,022224 11:38:00,022224 12:10:00,149,154,11,48,97,3345,236,249,46
101209,022224 20:03:00,022224 21:17:00,171,173,11,19,90,3345,267,122,25
101210,022224 21:56:00,022224 22:23:00,159,165,14,19,98,3031,166,209,41
101211,022224 13:38:00,022224 14:31:00,159,164,19,23,90,2740,183,112,39
101212,022224 21:22:00,022224 21:36:00,156,172,11,33,90,1428,42,181,25
101213,022224 13:06:00,022224 13:59:00,141,151,18,35,90,3013,357,210,70
101214,022224 19:59:00,022224 20:59:00,150,175,19,45,90,2782,434,232,18
101215,022224 10:41:00,022224 11:04:00,140,163,19,24,90,3385,126,156,28
101216,022224 22:02:00,022224 22:58:00,172,178,10,20,90,3940,245,133,58
101217,022224 13:58:00,022224 15:23:00,148,176,17,43,90,2272,474,211,39
101218,022224 14:00:00,022224 14:58:00,153,164,13,31,97,2543,317,214,62
101219,022224 17:55:00,022224 18:51:00,151,154,13,22,90,2381,342,249,58
101220,022224 20:26:00,022224 20:58:00,163,172,16,27,90,1915,95,128,36
101221,022224 12:07:00,022224 12:54:00,148,153,18,31,90,3844,415,235,67
101222,022224 05:43:00,022224 06:20:00,157,177,10,26,98,1988,121,165,43
101223,022224 10:46:00,022224 11:46:00,146,163,20,20,90,3139,437,213,51
101224,022224 21:23:00,022224 22:02:00,156,176,12,46,90,135,56,162,30
101225,022224 20:08:00,022224 20:51:00,167,180,17,30,90,76,72,142,38
101226,022224 06:24:00,022224 07:26:00,156,164,13,16,90,3420,368,189,61
101227,022224 09:06:00,022224 09:22:00,171,179,15,31,90,920,46,180,18
101228,022224 20:08:00,022224 20:36:00,155,163,20,30,90,1571,120,181,21
101229,022224 13:13:00,022224 14:01:00,169,178,15,36,90,188,63,118,44
101230,022224 07:33:00,022224 08:25:00,158,164,16,25,90,219,155,246,57
101231,022224 05:29:00,022224 06:40:00,151,156,17,31,90,2578,321,159,42
101232,022224 19:50:00,022224 20:47:00,141,146,13,23,90,3225,414,241,18
101233,022224 15:15:00,022224 15:34:00,164,165,14,24,90,3326,132,221,67
101234,022224 18:02:00,022224 19:19:00,171,178,20,39,90,3431,328,118,23
101235,022224 12:00:00,022224 12:44:00,144,165,19,25,94,1561,249,246,50
101236,022224 07:27:00,022224 07:59:00,145,146,17,19,95,1924,94,122,62
101237,022224 05:59:00,022224 06:27:00,167,177,13,19,90,2845,125,162,37
101238,022224 16:24:00,022224 17:28:00,150,158,10,34,98,124,98,205,60
101239,022224 07:25:00,022224 08:02:00,171,175,17,50,90,363,94,186,52
101240,022224 11:12:00,022224 11:47:00,161,161,19,26,90,1320,100,134,64
101241,022224 14:49:00,022224 16:05:00,154,164,17,18,90,999,192,141,36
101242,022224 11:19:00,022224 12:04:00,167,176,10,27,94,727,89,173,49
101243,022224 16:17:00,022224 17:11:00,147,171,17,35,90,1841,197,155,72
101244,022224 22:14:00,022224 22:30:00,163,163,10,48,90,702,26,145,68
101245,022224 06:17:00,022224 07:23:00,153,161,18,41,90,281,141,155,19
101246,022224 05:28:00,022224 06:02:00,154,154,16,22,90,563,90,185,75
101247,022224 14:36:00,022224 15:25:00,146,154,13,22,90,2931,145,105,23
101248,022224 07:06:00,022224 07:33:00,141,149,13,45,98,398,70,232,64
101249,022224 13:27:00,022224 14:47:00,163,172,13,32,90,3470,312,123,64
101250,022224 15:03:00,022224 16:09:00,144,152,13,34,90,1331,255,221,66
101251,022224 15:39:00,022224 16:20:00,163,175,11,17,90,845,85,161,31
101252,022224 12:10:00,022224 13:39:00,165,174,19,27,90,235,178,141,68
101253,022224 21:29:00,022224 22:32:00,141,153,11,49,90,373,142,230,52
101254,022224 21:14:00,022224 21:31:00,153,153,11,20,90,3794,138,250,52
101255,022224 22:18:00,022224 23:06:00,148,159,12,16,90,3332,188,130,36
101256,022224 22:50:00,022224 23:41:00,144,171,14,41,90,330,80,137,55
101257,022224 20:16:00,022224 20:49:00,170,172,20,40,90,2239,110,119,27
101258,022224 12:03:00,022224 12:39:00,140,162,13,25,90,75,73,224,38
101259,022224 06:59:00,022224 07:32:00,171,173,13,45,90,501,55,141,18
101260,022224 09:37:00,022224 10:56:00,171,174,14,33,90,1970,248,140,74
101261,022224 21:42:00,022224 22:22:00,154,179,15,46,90,660,77,134,42
101262,022224 11:35:00,022224 12:16:00,157,175,13,33,98,731,111,201,76
101263,022224 22:08:00,022224 22:35:00,135,155,16,50,90,1444,77,142,20
101264,022224 16:44:00,022224 17:36:00,156,172,17,22,90,3051,362,220,38
101265,022224 21:32:00,022224 22:54:00,162,179,15,33,90,830,203,160,25
101266,022224 15:56:00,022224 16:46:00,138,158,20,26,97,3730,445,233,30
101267,022224 07:15:00,022224 08:02:00,140,148,19,46,90,2427,336,248,41
101268,022224 22:37:00,022224 23:48:00,156,179,14,42,90,2814,257,129,51
101269,022224 07:34:00,022224 08:07:00,146,162,15,27,96,3258,257,246,61
101270,022224 19:21:00,022224 19:49:00,152,153,14,37,95,3443,205,227,46
101271,022224 19:27:00,022224 20:27:00,137,152,19,35,90,1230,152,122,19
101272,022224 16:01:00,022224 17:01:00,154,161,20,20,90,150,113,132,74
101273,022224 05:17:00,022224 06:17:00,162,170,18,30,90,1500,224,170,16
101274,022224 06:08:00,022224 06:38:00,147,148,18,46,90,3756,274,247,34
101275,022224 12:11:00,022224 12:37:00,140,167,15,30,90,896,82,199,31
101276,022224 06:03:00,022224 07:02:00,169,171,11,45,90,1645,118,110,47
101277,022224 22:19:00,022224 23:39:00,170,178,18,24,90,3525,656,231,21
101278,022224 16:46:00,022224 17:13:00,165,166,12,25,90,3111,134,173,67
101279,022224 16:46:00,022224 17:17:00,139,142,13,30,90,2239,78,107,46
101280,022224 21:39:00,022224 22:20:00,150,167,12,28,90,1769,91,113,52
101281,022224 09:15:00,022224 09:42:00,157,162,20,26,90,1128,70,125,18
101282,022224 16:51:00,022224 17:15:00,153,180,19,26,90,752,71,168,36
101283,022224 10:04:00,022224 10:39:00,154,166,18,50,90,229,82,174,27
101284,022224 08:00:00,022224 08:53:00,165,170,17,33,90,2291,345,245,21
101285,022224 17:53:00,022224 18:53:00,159,175,19,24,95,196,120,144,71
101286,022224 12:33:00,022224 12:48:00,144,158,20,27,99,2322,72,168,72
101287,022224 18:44:00,022224 19:01:00,137,147,15,43,90,1080,61,209,70
101288,022224 16:32:00,022224 17:34:00,146,165,17,49,95,1263,151,124,18
101289,022224 17:02:00,022224 17:33:00,167,179,19,25,99,771,55,100,38
101290,022224 21:02:00,022224 21:38:00,154,154,17,48,90,1049,141,215,75
101291,022224 21:59:00,022224 22:42:00,159,177,14,17,90,2566,176,155,43
101292,022224 18:00:00,022224 19:03:00,148,154,12,14,90,1587,159,136,22
101293,022224 22:23:00,022224 22:42:00,159,172,20,50,90,3884,94,127,41
101294,022224 21:48:00,022224 22:39:00,136,148,12,47,99,2551,270,212,30
101295,022224 22:53:00,022224 23:47:00,143,177,19,21,90,3069,286,160,53
101296,022224 10:28:00,022224 11:25:00,172,176,17,24,90,2106,144,100,50
101297,022224 19:50:00,022224 20:20:00,162,169,15,16,90,1914,104,153,55
101298,022224 22:24:00,022224 22:45:00,158,168,19,19,90,3227,74,104,55
101299,022224 17:37:00,022224 18:01:00,172,175,18,35,90,2591,80,114,47
101300,022224 12:45:00,022224 13:38:00,143,146,14,25,90,3705,447,248,56
101301,022224 19:05:00,022224 19:46:00,172,179,14,20,97,1992,119,129,42
101302,022224 15:56:00,022224 16:26:00,172,179,10,10,90,1442,101,207,17
101303,022224 13:20:00,022224 14:05:00,163,178,10,29,90,2234,205,212,53
101304,022224 17:56:00,022224 18:22:00,169,175,10,46,95,609,37,133,44
101305,022224 22:01:00,022224 22:44:00,156,180,19,45,90,2438,165,133,52
101306,022224 20:13:00,022224 20:36:00,156,175,20,21,90,3026,112,146,26
101307,022224 19:18:00,022224 19:46:00,143,145,18,48,90,1386,90,153,58
101308,022224 16:14:00,022224 17:00:00,135,165,14,35,90,2221,164,148,74
101309,022224 17:36:00,022224 18:00:00,163,167,13,16,90,3966,160,191,62
101310,022224 17:40:00,022224 18:34:00,143,157,16,26,90,1768,129,107,27
101311,022224 21:26:00,022224 22:19:00,163,164,16,27,90,574,132,172,68
101312,022224 21:51:00,022224 23:04:00,171,177,16,45,90,1915,314,184,48
101313,022224 17:06:00,022224 18:13:00,156,176,17,37,90,1991,309,188,24
101314,022224 21:05:00,022224 21:56:00,156,159,19,33,90,1789,196,157,75
101315,022224 11:13:00,022224 11:42:00,143,162,10,27,90,801,45,132,27
101316,022224 17:51:00,022224 18:38:00,156,174,10,45,90,2390,265,250,75
101317,022224 09:49:00,022224 10:41:00,149,154,18,42,90,2436,183,125,70
101318,022224 21:52:00,022224 23:03:00,136,179,20,39,90,2337,318,155,38
101319,022224 21:44:00,022224 22:00:00,135,159,15,24,90,602,53,240,41
101320,022224 05:58:00,022224 06:32:00,171,179,17,40,90,2720,202,202,38
101321,022224 08:18:00,022224 09:09:00,172,179,19,43,90,1462,194,170,61
101322,022224 21:29:00,022224 22:05:00,160,164,20,27,90,1171,85,113,26
101323,022224 06:08:00,022224 06:40:00,161,176,14,47,90,621,88,206,25
101324,022224 17:43:00,022224 17:54:00,139,178,11,37,90,2938,43,146,29
101325,022224 17:55:00,022224 18:49:00,143,155,14,15,90,1769,253,222,64
101326,022224 07:23:00,022224 07:52:00,168,179,11,34,90,2843,86,114,45
101327,022224 06:59:00,022224 07:52:00,153,176,15,43,90,2870,256,166,47
101328,022224 08:26:00,022224 08:55:00,141,161,19,34,90,3544,233,222,31
101329,022224 11:56:00,022224 12:37:00,137,163,15,44,99,699,102,171,37
101330,022224 19:27:00,022224 20:00:00,143,146,11,30,90,3426,237,239,42
101331,022224 16:55:00,022224 17:35:00,158,180,10,19,90,1067,133,242,16
101332,022224 05:03:00,022224 05:42:00,147,150,15,29,90,781,77,131,36
101333,022224 11:17:00,022224 11:45:00,160,174,14,38,90,3533,192,209,20
101334,022224 19:51:00,022224 20:27:00,141,145,12,38,90,1621,151,224,30
101335,022224 17:13:00,022224 17:59:00,162,165,15,41,90,921,149,202,24
101336,022224 21:56:00,022224 22:12:00,155,162,14,37,90,2785,63,142,42
101337,022224 10:37:00,022224 10:56:00,138,145,18,41,90,3736,77,111,51
101338,022224 21:55:00,022224 23:09:00,165,176,16,32,90,2653,249,119,63
101339,022224 11:12:00,022224 12:17:00,172,178,20,33,90,1175,335,244,40
101340,022224 09:45:00,022224 10:15:00,159,166,10,19,90,3576,137,150,18
101341,022224 05:46:00,022224 06:07:00,144,150,20,43,90,3771,165,205,16
101342,022224 20:58:00,022224 21:37:00,165,180,17,26,94,3345,221,169,54
101343,022224 08:50:00,022224 09:22:00,165,176,19,37,94,16,61,151,67
101344,022224 20:44:00,022224 22:00:00,165,177,18,29,90,3141,568,227,16
101345,022224 17:57:00,022224 19:03:00,167,167,18,49,90,2992,516,245,71
101346,022224 22:43:00,022224 23:24:00,146,164,12,39,90,2870,239,215,61
101347,022224 11:21:00,022224 12:20:00,136,169,10,27,90,382,98,181,16
101348,022224 18:53:00,022224 20:06:00,138,146,14,20,90,2026,406,244,65
101349,022224 22:10:00,022224 22:55:00,149,176,16,24,90,1619,115,120,58
101350,022224 10:30:00,022224 10:48:00,143,149,11,13,90,2733,51,111,67
101351,022224 05:37:00,022224 06:06:00,168,177,17,27,90,324,70,181,73
101352,022224 07:05:00,022224 07:45:00,170,176,13,42,94,1913,158,185,68
101353,022224 13:53:00,022224 14:28:00,169,177,19,49,90,2327,164,167,39
101354,022224 10:25:00,022224 11:28:00,167,171,15,50,90,2986,308,164,46
101355,022224 21:34:00,022224 22:46:00,141,168,14,32,90,1194,141,114,58
101356,022224 07:44:00,022224 08:36:00,152,164,18,26,90,482,173,219,45
101357,022224 18:31:00,022224 19:21:00,144,154,16,42,90,711,96,125,28
101358,022224 10:23:00,022224 11:00:00,143,169,11,11,90,1792,126,178,62
101359,022224 21:16:00,022224 21:48:00,172,176,20,33,90,444,105,203,30
101360,022224 18:40:00,022224 19:24:00,165,177,18,49,90,1082,145,172,19
101361,022224 10:19:00,022224 10:55:00,147,149,10,38,90,2316,144,181,31
101362,022224 08:07:00,022224 08:41:00,149,172,19,34,90,2552,201,200,59
101363,022224 16:30:00,022224 17:23:00,159,159,13,31,90,1482,175,179,72
101364,022224 13:32:00,022224 13:59:00,150,173,17,50,90,543,81,202,56
101365,022224 05:34:00,022224 06:10:00,142,142,20,49,90,2274,233,228,50
101366,022224 14:05:00,022224 15:03:00,165,175,19,21,90,2087,380,247,55
101367,022224 08:03:00,022224 08:56:00,149,175,15,49,90,2306,143,107,56
101368,022224 06:02:00,022224 07:23:00,142,148,20,47,96,150,133,115,41
101369,022224 18:25:00,022224 18:53:00,143,146,20,35,90,3096,235,248,73
101370,022224 19:19:00,022224 20:03:00,152,168,14,16,95,1795,227,243,51
101371,022224 09:17:00,022224 09:57:00,152,157,11,25,90,2934,238,222,32
101372,022224 19:53:00,022224 20:15:00,161,175,15,31,90,3915,147,186,40
101373,022224 12:58:00,022224 13:39:00,148,168,17,41,90,721,74,112,41
101374,022224 11:01:00,022224 11:42:00,167,177,15,21,95,1292,176,231,39
101375,022224 22:04:00,022224 22:52:00,153,169,11,35,90,3496,219,149,31
101376,022224 07:34:00,022224 08:17:00,140,149,17,36,90,2017,163,153,67
101377,022224 14:29:00,022224 15:35:00,142,174,13,45,90,808,107,116,60
101378,022224 11:52:00,022224 12:17:00,147,155,15,42,99,2492,67,101,31
101379,022224 15:12:00,022224 15:55:00,165,170,20,32,90,3678,208,128,37
101380,022224 06:36:00,022224 07:23:00,160,160,12,23,97,2069,251,246,64
101381,022224 22:24:00,022224 23:24:00,163,164,15,43,90,3099,421,229,74
101382,022224 20:38:00,022224 21:13:00,151,172,10,17,90,390,52,163,62
101383,022224 09:53:00,022224 10:30:00,152,163,11,33,90,1351,118,196,69
101384,022224 20:13:00,022224 21:03:00,166,176,17,36,90,2610,228,159,56
101385,022224 06:26:00,022224 07:09:00,168,168,11,48,90,3208,208,169,72
101386,022224 06:06:00,022224 06:34:00,171,178,12,28,90,2196,99,157,57
101387,022224 09:27:00,022224 09:56:00,153,164,15,44,90,3688,209,209,45
101388,022224 05:37:00,022224 06:22:00,159,179,10,12,98,3325,310,239,27
101389,022224 12:04:00,022224 13:03:00,153,160,14,34,90,3474,214,112,72
101390,022224 16:32:00,022224 17:50:00,138,156,20,48,95,2339,385,171,49
101391,022224 19:00:00,022224 19:59:00,142,158,19,23,90,818,174,163,59
101392,022224 21:12:00,022224 22:10:00,137,164,10,41,90,2310,304,238,43
101393,022224 12:56:00,022224 13:59:00,162,175,16,22,90,1623,193,143,16
101394,022224 18:07:00,022224 18:30:00,160,167,11,31,90,1346,47,127,34
101395,022224 07:24:00,022224 08:05:00,152,165,12,45,99,1239,99,150,19
101396,022224 16:13:00,022224 17:14:00,135,137,16,27,90,1429,267,217,29
101397,022224 10:38:00,022224 11:02:00,159,168,18,26,90,981,108,243,36
101398,022224 07:08:00,022224 07:36:00,164,175,20,21,90,1687,111,162,75
101399,022224 17:19:00,022224 18:27:00,142,168,14,38,90,128,152,220,19
101400,022224 15:07:00,022224 15:28:00,141,146,11,22,90,406,37,179,18
